Workbook
Name date_evaluation: grille_evaluation_V2!$B$23
Name date_evaluation: grille_evaluation_V1!$B$21
Name nb_points: grille_evaluation_V2!$D$17
Name nb_points: grille_evaluation_V1!$D$15
Name niveau_reussite: grille_evaluation_V2!$B$24
Name niveau_reussite: grille_evaluation_V1!$B$22
Name nom_enseignant: grille_evaluation_V2!$B$18
Name nom_enseignant: grille_evaluation_V1!$B$16
Name nom_etudiant: grille_evaluation_V2!$B$17
Name nom_etudiant: grille_evaluation_V1!$B$15
Name nom_evaluation: grille_evaluation_V2!$B$20
Name nom_evaluation: grille_evaluation_V1!$B$18
Name note_finale: grille_evaluation_V2!$E$24
Name note_finale: grille_evaluation_V1!$E$22
Name pts_francais: grille_evaluation_V2!$D$23
Name pts_francais: grille_evaluation_V1!$D$21
Name pts_grandtotal: grille_evaluation_V2!$D$24
Name pts_grandtotal: grille_evaluation_V1!$D$22
Name pts_maximum: grille_evaluation_V2!$D$17
Name pts_maximum: grille_evaluation_V1!$D$15
Name pts_respect: grille_evaluation_V2!$D$21
Name pts_respect: grille_evaluation_V1!$D$19
Name pts_retard: grille_evaluation_V2!$D$22
Name pts_retard: grille_evaluation_V1!$D$20
Name pts_soustotal: grille_evaluation_V2!$D$20
Name pts_soustotal: grille_evaluation_V1!$D$18
Name reussite: grille_evaluation_V2!$B$24
Name reussite: grille_evaluation_V1!$B$22
Name seuil: grille_evaluation_V2!$D$19
Name seuil: grille_evaluation_V1!$D$17
Name seuil_excellence: grille_evaluation_V2!$D$18
Name seuil_excellence: grille_evaluation_V1!$D$16
Name seuil_reussite: grille_evaluation_V2!$D$19
Name seuil_reussite: grille_evaluation_V1!$D$17
Name tbl_echelle3: #REF!
Name titre_cours: grille_evaluation_V2!$B$19
Name titre_cours: grille_evaluation_V1!$B$17
Name type_evaluation: grille_evaluation_V2!$B$22
Name type_evaluation: grille_evaluation_V1!$B$20

Sheet grille_evaluation_V1
A1: Critères d'évaluation | B1: Éléments observables | C1: Échelles | D1: Points | E1: Commentaires
A2: Planification et découpage (15) | B2: Backlog clair et exploitable | C2: Tout est réussi | D2: =VLOOKUP(C2,echelles!$A$2:$B$5,2,FALSE) -> 3
B3: Découpage en petites tâches | D3: =VLOOKUP(C3,echelles!$A$2:$B$5,2,FALSE) -> #N/A
B4: Critères d’acceptation | D4: =VLOOKUP(C4,echelles!$A$2:$B$5,2,FALSE) -> #N/A
B5: Ordre logique | D5: =VLOOKUP(C5,echelles!$A$2:$B$5,2,FALSE) -> #N/A
B6: Suivi d’avancement | D6: =VLOOKUP(C6,echelles!$A$2:$B$5,2,FALSE) -> #N/A
A7: Traçabilité Git (5) | B7: commits fréquents, messages descriptifs, évolution lisible | D7: =VLOOKUP(C7,echelles!$A$8:$B$13,2,FALSE) -> #N/A
A8: Architecture et types TypeScript (5) | B8: bonne structure, types cohérents (ex. Product), composants à responsabilité unique, logique hors gabarit. | D8: =VLOOKUP(C8,echelles!$A$8:$B$13,2,FALSE) -> #N/A
A9: Qualité UI de base (5) | B9: interactions minimales utilisables, validations de base, états vides traités. | D9: =VLOOKUP(C9,echelles!$A$8:$B$13,2,FALSE) -> #N/A
A10: Journal et décisions (15) | B10: Journal régulier | D10: =VLOOKUP(C10,echelles!$A$2:$B$5,2,FALSE) -> #N/A
B11: Décisions justifiées | D11: =VLOOKUP(C11,echelles!$A$2:$B$5,2,FALSE) -> #N/A
B12: Résolution de problèmes | D12: =VLOOKUP(C12,echelles!$A$2:$B$5,2,FALSE) -> #N/A
B13: Lien avec l’historique | D13: =VLOOKUP(C13,echelles!$A$2:$B$5,2,FALSE) -> #N/A
B14: Réflexion sur la qualité | D14: =VLOOKUP(C14,echelles!$A$2:$B$5,2,FALSE) -> #N/A
A15: Nom de l'étudiant | B15: Votre nom | C15: Nombre de points maximum | D15: 45 | E15: Commentaires finaux
A16: Nom de l'enseignant | B16: Jimmy Gilbert | C16: Seuil d'excellence (en %) | D16: 0.9
A17: Titre du cours | B17: Développement d'applications Web | C17: Seuil de réussite (en %) | D17: 0.6
A18: Session de l'évaluation | B18: Hiver 2026 | C18: Sous-Total | D18: =SUM(D2:D14) -> #N/A
A19: Nom de l'évaluation | B19: Travail pratique 01 Validation 1 | C19: Respect modalités / consignes | D19: 0
A20: Type d'évaluation | B20: Sommative | C20: Moins retard(s) | D20: 0
A21: Date de l'évaluation | B21: =NOW() -> 46073.355 | C21: Correction français | D21: 0
A22: Niveau de réussite | B22: =(pts_grandtotal/nb_points) -> #N/A | C22: Grand Total | D22: =pts_soustotal-pts_respect-pts_retard-pts_francais -> #N/A | E22: ="Note finale: "&pts_grandtotal/nb_points*100&"%" -> #N/A

Sheet grille_evaluation_V2
A1: Critères d'évaluation | B1: Éléments observables | C1: Échelles | D1: Points | E1: Commentaires
A2: Gestion de portée et priorisation (5) | B2: backlog ajusté (issues, checklist, ou fichier), critères d’acceptation simples, ordre de priorités visible, notes d’arbitrage dans le journal ou issues, éléments “done” clairement identifiés. | C2: Tout est réussi | D2: =VLOOKUP(C2,echelles!$A$8:$B$13,2,FALSE) -> 5
A3: Qualité du code et refactor (5) | B3: au moins 3 refactors traçables dans l’historique Git, exemples concrets avant/après, réduction visible de duplication, extraction composable ou service lorsque pertinent, amélioration de nommage et de structure. | D3: =VLOOKUP(C3,echelles!$A$8:$B$13,2,FALSE) -> #N/A
A4: Contrôle qualité (15) | B4: Utilisation correcte de Vue.js | D4: =VLOOKUP(C4,echelles!$A$2:$B$5,2,FALSE) -> #N/A
B5: Utilisation correcte de TypeScript | D5: =VLOOKUP(C5,echelles!$A$2:$B$5,2,FALSE) -> #N/A
B6: Bonnes pratiques de programmation et code propre | D6: =VLOOKUP(C6,echelles!$A$2:$B$5,2,FALSE) -> #N/A
B7: Structure du projet | D7: =VLOOKUP(C7,echelles!$A$2:$B$5,2,FALSE) -> #N/A
B8: Gestion des états | D8: =VLOOKUP(C8,echelles!$A$2:$B$5,2,FALSE) -> #N/A
A9: Stabilisation et correction (5) | B9: issues de bugs avec reproduction, commits dédiés aux fix, notes de validation après correction, absence d’erreurs console bloquantes lors d’un smoke test, scénarios corrigés démontrables. | D9: =VLOOKUP(C9,echelles!$A$8:$B$13,2,FALSE) -> #N/A
A10: Documentation et transparence IA (15) | B10: README clair et complet | D10: =VLOOKUP(C10,echelles!$A$2:$B$5,2,FALSE) -> #N/A
B11: Description fonctionnelle | D11: =VLOOKUP(C11,echelles!$A$2:$B$5,2,FALSE) -> #N/A
B12: Instructions de démarrage fiables | D12: =VLOOKUP(C12,echelles!$A$2:$B$5,2,FALSE) -> #N/A
B13: Architecture du projet | D13: =VLOOKUP(C13,echelles!$A$2:$B$5,2,FALSE) -> #N/A
B14: Transparence IA | D14: =VLOOKUP(C14,echelles!$A$2:$B$5,2,FALSE) -> #N/A
A15: Fonctionnement final (10) | B15: Smoke test fonctionnalités essentielles | D15: =VLOOKUP(C15,echelles!$A$8:$B$13,2,FALSE) -> #N/A
B16: Déploiement accessible | D16: =VLOOKUP(C16,echelles!$A$8:$B$13,2,FALSE) -> #N/A
A17: Nom de l'étudiant | B17: Lepage, Xavier | C17: Nombre de points maximum | D17: 55 | E17: Commentaires finaux
A18: Nom de l'enseignant | B18: Jimmy Gilbert | C18: Seuil d'excellence (en %) | D18: 0.9
A19: Titre du cours | B19: Développement d'applications Web | C19: Seuil de réussite (en %) | D19: 0.6
A20: Session de l'évaluation | B20: Hiver 2026 | C20: Sous-Total | D20: =SUM(D2:D16) -> #N/A
A21: Nom de l'évaluation | B21: Travail pratique 01 Validation 2 + Fonctionnement final | C21: Respect modalités / consignes | D21: 0
A22: Type d'évaluation | B22: Sommative | C22: Moins retard(s) | D22: 0
A23: Date de l'évaluation | B23: =NOW() -> 46073.355 | C23: Correction français | D23: 0
A24: Niveau de réussite | B24: =(pts_grandtotal/nb_points) -> #N/A | C24: Grand Total | D24: =pts_soustotal-pts_respect-pts_retard-pts_francais -> #N/A | E24: ="Note finale: "&pts_grandtotal/nb_points*100&"%" -> #N/A

Sheet echelles
A1: Description de l'échelle descriptive | B1: Note
A2: Plus de 2 éléments manquant ou mal effectués | B2: 0
A3: 2 éléments manquants ou mal effectués | B3: 1
A4: 1 élément manquant ou mal effectué | B4: 2
A5: Tout est réussi | B5: 3
A7: Description de l'échelle descriptive | B7: Note
A8: Plus de 4 éléments manquant ou mal effectués | B8: 0
A9: 4 éléments manquants ou mal effectués | B9: 1
A10: 3 éléments manquants ou mal effectués | B10: 2
A11: 2 éléments manquants ou mal effectués | B11: 3
A12: 1 élément manquant ou mal effectué | B12: 4
A13: Tout est réussi | B13: 5

Sheet etudiants
A1: Nom de l'étudiant
A2: Votre nom
A3: Bluteau, Logan
A4: Boisvert, Olivier
A5: Boucher, Marie-Jade
A6: Bowes, Marc-Antoine
A7: Brière, Zachary
A8: De Grâce, Antony
A9: Dufour-Borz, William
A10: Gaulin, Arnaud
A11: Girard, Raphaël
A12: Hamel, Charles
... A23: Trabelsi, Tasnime

Sheet definitions
A1: Temes | B1: Définitions
A2: Grille d'évaluation | B2: La grille d’évaluation permet de porter un jugement sur la qualité d’une production ou d’un produit, l’accomplissement d’une prestation ou d’un processus qui ne peuvent être jugés tout simplement bons ou mauvais comme dans le cas d’une question à correction objective (Scallon, 2004).
A3: Critères d’évaluation | B3: Qualité ou norme qui servent à porter un jugement (Legendre, 2005). Point de repère auquel on se réfère pour porter un jugement ou décider de la valeur de l’objet évalué (Legendre, 2005).
A4: Éléments observables | B4: Dans le présent guide, le terme élément observable est utilisé pour désigner une manifestation concrète d’une réalité; les éléments observables concrétisent les critères d’évaluation. Certains auteurs, dont Durand et Chouinard (2006), utilisent plutôt le terme indicateur pour désigner les manifestations observables.
A5: Échelles descriptives | B5: Série de portraits décrivant différents niveaux de qualité d’une tâche suivant un continuum de trois à six échelons (Durand et Chouinard, 2006).
A6: Autoévaluation | B6: Processus par lequel un sujet est amené à porter un jugement sur la qualité de son cheminement, de son travail ou de ses acquis au regard d’objectifs prédéfinis et tout en s’inspirant de critères précis d’appréciation (Legendre, 2005).
